﻿<?xml version="1.0" encoding="UTF-8"?>
<beans xmlns="http://www.springframework.org/schema/beans"
	xmlns:xsi="http://www.w3.org/2001/XMLSchema-instance"
	xmlns:aop="http://www.springframework.org/schema/aop"
	xmlns:tx="http://www.springframework.org/schema/tx"
	xsi:schemaLocation="
	http://www.springframework.org/schema/aop http://www.springframework.org/schema/aop/spring-aop.xsd  
        http://www.springframework.org/schema/tx http://www.springframework.org/schema/tx/spring-tx.xsd  
            http://www.springframework.org/schema/aop http://www.springframework.org/schema/aop/spring-aop.xsd  
        http://www.springframework.org/schema/context http://www.springframework.org/schema/context/spring-context.xsd  
            http://www.springframework.org/schema/beans http://www.springframework.org/schema/beans/spring-beans.xsd  
            http://www.springframework.org/schema/cache http://www.springframework.org/schema/jdbc/spring-cache.xsd">

	<bean id="bgInfoService" class="com.rh.ssh.service.impl.BgInfoServiceImpl">
		<property name="dao" ref="daoService" />
	</bean>

	<bean id="bgInfoimgService" class="com.rh.ssh.service.impl.BgInfoimgServiceImpl">
		<property name="dao" ref="daoService" />
	</bean>

	<bean id="bgInfotypeService" class="com.rh.ssh.service.impl.BgInfotypeServiceImpl">
		<property name="dao" ref="daoService" />
	</bean>

	<bean id="tbDeviceService" class="com.rh.ssh.service.impl.TbDeviceServiceImpl">
		<property name="dao" ref="daoService" />
	</bean>

	<bean id="tbMessageService" class="com.rh.ssh.service.impl.TbMessageServiceImpl">
		<property name="dao" ref="daoService" />
	</bean>

	<bean id="tbMessageTypeService" class="com.rh.ssh.service.impl.TbMessageTypeServiceImpl">
		<property name="dao" ref="daoService" />
	</bean>

	<bean id="tbProDetailService" class="com.rh.ssh.service.impl.TbProDetailServiceImpl">
		<property name="dao" ref="daoService" />
	</bean>

	<bean id="tbProjectService" class="com.rh.ssh.service.impl.TbProjectServiceImpl">
		<property name="dao" ref="daoService" />
	</bean>

	<bean id="tbTaskService" class="com.rh.ssh.service.impl.TbTaskServiceImpl">
		<property name="dao" ref="daoService" />
	</bean>

	<bean id="tbTaskDetailService" class="com.rh.ssh.service.impl.TbTaskDetailServiceImpl">
		<property name="dao" ref="daoService" />
	</bean>

	<bean id="tbUserService" class="com.rh.ssh.service.impl.TbUserServiceImpl">
		<property name="dao" ref="daoService" />
	</bean>

</beans>